[{"model": "auth.user", "fields": {"password": "pbkdf2_sha256$1200000$d0L2Bg5MFSc0KNMDScB0QM$QN8bnnEKkbLDnEJ3WGzmfI3z77rwrU8jDYIo0bfXZwo=", "last_login": "2026-05-19T14:29:48.384Z", "is_superuser": true, "username": "admin", "first_name": "Restaurant", "last_name": "Admin", "email": "admin@sidewalk.com", "is_staff": true, "is_active": true, "date_joined": "2026-04-19T04:07:52.273Z", "groups": [], "user_permissions": []}}, {"model": "inventory.category", "pk": 1, "fields": {"name": "Chao Fan", "slug": "chao-fan", "created_at": "2026-04-19T04:20:26.895Z"}}, {"model": "inventory.category", "pk": 2, "fields": {"name": "Mami", "slug": "mami", "created_at": "2026-04-19T04:20:26.895Z"}}, {"model": "inventory.category", "pk": 3, "fields": {"name": "Seafood", "slug": "seafood", "created_at": "2026-04-19T04:20:26.895Z"}}, {"model": "inventory.category", "pk": 4, "fields": {"name": "Chicken", "slug": "chicken", "created_at": "2026-04-19T04:20:26.895Z"}}, {"model": "inventory.category", "pk": 5, "fields": {"name": "Noodles & Soup", "slug": "noodles-soup", "created_at": "2026-04-19T04:20:26.895Z"}}, {"model": "inventory.category", "pk": 6, "fields": {"name": "Rice & Vegies", "slug": "rice-vegies", "created_at": "2026-04-19T04:20:26.895Z"}}, {"model": "inventory.category", "pk": 7, "fields": {"name": "Beef & Pork", "slug": "beef-pork", "created_at": "2026-04-19T04:20:26.895Z"}}, {"model": "inventory.category", "pk": 8, "fields": {"name": "Burgers", "slug": "burgers", "created_at": "2026-04-19T04:20:26.895Z"}}, {"model": "inventory.category", "pk": 9, "fields": {"name": "Coolers", "slug": "coolers", "created_at": "2026-04-19T04:20:26.895Z"}}, {"model": "inventory.category", "pk": 10, "fields": {"name": "Pizza", "slug": "pizza", "created_at": "2026-04-19T04:20:26.895Z"}}, {"model": "inventory.category", "pk": 11, "fields": {"name": "Silog Meals", "slug": "silog-meals", "created_at": "2026-04-19T04:20:26.895Z"}}, {"model": "inventory.category", "pk": 12, "fields": {"name": "Rice Meals", "slug": "rice-meals", "created_at": "2026-04-19T04:20:26.895Z"}}, {"model": "inventory.category", "pk": 13, "fields": {"name": "Chicken & Pork Meals", "slug": "chicken-pork-meals", "created_at": "2026-04-19T04:20:26.895Z"}}, {"model": "inventory.category", "pk": 15, "fields": {"name": "Bunwich & Hotdog", "slug": "bunwich-hotdog", "created_at": "2026-04-19T04:20:26.895Z"}}, {"model": "inventory.category", "pk": 16, "fields": {"name": "Fries & Others", "slug": "fries-others", "created_at": "2026-04-19T04:20:26.895Z"}}, {"model": "inventory.category", "pk": 25, "fields": {"name": "Barkadahan", "slug": "barkadahan", "created_at": "2026-04-29T13:22:49.486Z"}}, {"model": "inventory.inventoryitem", "pk": 9, "fields": {"name": "Chicken", "category": null, "unit": "pcs", "quantity": "100.000", "reorder_threshold": "20.000", "created_at": "2026-04-19T04:20:26.901Z", "updated_at": "2026-04-19T06:52:01.884Z"}}, {"model": "inventory.inventoryitem", "pk": 10, "fields": {"name": "Pork", "category": null, "unit": "kg", "quantity": "100.000", "reorder_threshold": "5.000", "created_at": "2026-04-19T04:20:26.901Z", "updated_at": "2026-04-19T06:52:01.886Z"}}, {"model": "inventory.inventoryitem", "pk": 11, "fields": {"name": "Beef", "category": null, "unit": "kg", "quantity": "100.000", "reorder_threshold": "5.000", "created_at": "2026-04-19T04:20:26.901Z", "updated_at": "2026-04-19T06:52:01.886Z"}}, {"model": "inventory.inventoryitem", "pk": 12, "fields": {"name": "Tuna", "category": null, "unit": "kg", "quantity": "100.000", "reorder_threshold": "5.000", "created_at": "2026-04-19T04:20:26.901Z", "updated_at": "2026-04-19T06:52:01.887Z"}}, {"model": "inventory.inventoryitem", "pk": 13, "fields": {"name": "Squid", "category": null, "unit": "kg", "quantity": "100.000", "reorder_threshold": "3.000", "created_at": "2026-04-19T04:20:26.901Z", "updated_at": "2026-04-19T06:52:01.887Z"}}, {"model": "inventory.inventoryitem", "pk": 14, "fields": {"name": "Shrimp", "category": null, "unit": "kg", "quantity": "100.000", "reorder_threshold": "3.000", "created_at": "2026-04-19T04:20:26.901Z", "updated_at": "2026-04-19T06:52:01.887Z"}}, {"model": "inventory.inventoryitem", "pk": 15, "fields": {"name": "Egg", "category": null, "unit": "pcs", "quantity": "100.000", "reorder_threshold": "20.000", "created_at": "2026-04-19T04:20:26.901Z", "updated_at": "2026-04-19T06:52:01.887Z"}}, {"model": "inventory.inventoryitem", "pk": 16, "fields": {"name": "Oil", "category": null, "unit": "liters", "quantity": "100.000", "reorder_threshold": "2.000", "created_at": "2026-04-19T04:20:26.901Z", "updated_at": "2026-04-19T06:52:01.888Z"}}, {"model": "inventory.inventoryitem", "pk": 17, "fields": {"name": "Flour", "category": null, "unit": "g", "quantity": "540.000", "reorder_threshold": "500.000", "created_at": "2026-04-19T04:20:26.901Z", "updated_at": "2026-04-19T06:56:37.945Z"}}, {"model": "inventory.inventoryitem", "pk": 18, "fields": {"name": "Rice", "category": null, "unit": "kg", "quantity": "100.000", "reorder_threshold": "10.000", "created_at": "2026-04-19T04:20:26.901Z", "updated_at": "2026-04-19T06:52:01.888Z"}}, {"model": "inventory.inventoryitem", "pk": 19, "fields": {"name": "Noodles", "category": null, "unit": "pack", "quantity": "100.000", "reorder_threshold": "10.000", "created_at": "2026-04-19T04:20:26.901Z", "updated_at": "2026-04-19T06:52:01.889Z"}}, {"model": "inventory.inventoryitem", "pk": 20, "fields": {"name": "Burger Bun", "category": null, "unit": "pcs", "quantity": "100.000", "reorder_threshold": "10.000", "created_at": "2026-04-19T04:20:26.901Z", "updated_at": "2026-04-19T06:52:01.889Z"}}, {"model": "inventory.inventoryitem", "pk": 21, "fields": {"name": "Patty", "category": null, "unit": "pcs", "quantity": "100.000", "reorder_threshold": "10.000", "created_at": "2026-04-19T04:20:26.901Z", "updated_at": "2026-04-19T06:52:01.890Z"}}, {"model": "inventory.inventoryitem", "pk": 22, "fields": {"name": "Cheese", "category": null, "unit": "pcs", "quantity": "100.000", "reorder_threshold": "10.000", "created_at": "2026-04-19T04:20:26.901Z", "updated_at": "2026-04-19T06:52:01.890Z"}}, {"model": "inventory.inventoryitem", "pk": 23, "fields": {"name": "Hotdog", "category": null, "unit": "pcs", "quantity": "100.000", "reorder_threshold": "10.000", "created_at": "2026-04-19T04:20:26.901Z", "updated_at": "2026-04-19T06:52:01.890Z"}}, {"model": "inventory.inventoryitem", "pk": 24, "fields": {"name": "Ham", "category": null, "unit": "pcs", "quantity": "100.000", "reorder_threshold": "10.000", "created_at": "2026-04-19T04:20:26.901Z", "updated_at": "2026-04-19T06:52:01.891Z"}}, {"model": "inventory.inventoryitem", "pk": 25, "fields": {"name": "Onion", "category": null, "unit": "kg", "quantity": "100.000", "reorder_threshold": "2.000", "created_at": "2026-04-19T04:20:26.901Z", "updated_at": "2026-04-19T06:52:01.891Z"}}, {"model": "inventory.inventoryitem", "pk": 26, "fields": {"name": "Garlic", "category": null, "unit": "kg", "quantity": "100.000", "reorder_threshold": "1.000", "created_at": "2026-04-19T04:20:26.901Z", "updated_at": "2026-04-19T06:52:01.892Z"}}, {"model": "inventory.inventoryitem", "pk": 27, "fields": {"name": "Ginger", "category": null, "unit": "kg", "quantity": "100.000", "reorder_threshold": "1.000", "created_at": "2026-04-19T04:20:26.901Z", "updated_at": "2026-04-19T06:52:01.892Z"}}, {"model": "inventory.inventoryitem", "pk": 28, "fields": {"name": "Soy Sauce", "category": null, "unit": "liters", "quantity": "100.000", "reorder_threshold": "1.000", "created_at": "2026-04-19T04:20:26.901Z", "updated_at": "2026-04-19T06:52:01.893Z"}}, {"model": "inventory.inventoryitem", "pk": 29, "fields": {"name": "Cooking Sauce", "category": null, "unit": "liters", "quantity": "100.000", "reorder_threshold": "1.000", "created_at": "2026-04-19T04:20:26.901Z", "updated_at": "2026-04-19T06:52:01.893Z"}}, {"model": "inventory.inventoryitem", "pk": 30, "fields": {"name": "Potato", "category": null, "unit": "kg", "quantity": "100.000", "reorder_threshold": "5.000", "created_at": "2026-04-19T04:20:26.901Z", "updated_at": "2026-04-19T06:52:01.894Z"}}, {"model": "inventory.inventoryitem", "pk": 31, "fields": {"name": "Siomai", "category": null, "unit": "pcs", "quantity": "100.000", "reorder_threshold": "20.000", "created_at": "2026-04-19T04:20:26.901Z", "updated_at": "2026-04-19T06:52:01.894Z"}}, {"model": "inventory.inventoryitem", "pk": 32, "fields": {"name": "Sugar", "category": null, "unit": "g", "quantity": "220.000", "reorder_threshold": "200.000", "created_at": "2026-04-19T04:20:26.901Z", "updated_at": "2026-04-19T06:52:09.506Z"}}, {"model": "inventory.inventoryitem", "pk": 33, "fields": {"name": "Milk", "category": null, "unit": "liters", "quantity": "100.000", "reorder_threshold": "2.000", "created_at": "2026-04-19T04:20:26.901Z", "updated_at": "2026-04-19T06:52:01.895Z"}}, {"model": "inventory.inventoryitem", "pk": 34, "fields": {"name": "Ice", "category": null, "unit": "kg", "quantity": "100.000", "reorder_threshold": "5.000", "created_at": "2026-04-19T04:20:26.901Z", "updated_at": "2026-04-19T06:52:01.895Z"}}, {"model": "inventory.inventoryitem", "pk": 35, "fields": {"name": "Fruit Mix", "category": null, "unit": "kg", "quantity": "100.000", "reorder_threshold": "2.000", "created_at": "2026-04-19T04:20:26.901Z", "updated_at": "2026-04-19T06:52:01.896Z"}}, {"model": "inventory.stocktransaction", "pk": 1, "fields": {"item": 17, "transaction_type": "in", "quantity": "20.000", "note": "Individual restock", "created_at": "2026-04-19T06:08:42.405Z"}}, {"model": "inventory.stocktransaction", "pk": 2, "fields": {"item": 17, "transaction_type": "in", "quantity": "20.000", "note": "Individual restock", "created_at": "2026-04-19T06:08:44.075Z"}}, {"model": "inventory.stocktransaction", "pk": 3, "fields": {"item": 32, "transaction_type": "in", "quantity": "20.000", "note": "Individual restock", "created_at": "2026-04-19T06:08:45.145Z"}}, {"model": "inventory.stocktransaction", "pk": 4, "fields": {"item": 32, "transaction_type": "in", "quantity": "20.000", "note": "Individual restock", "created_at": "2026-04-19T06:08:45.448Z"}}, {"model": "inventory.stocktransaction", "pk": 5, "fields": {"item": 32, "transaction_type": "in", "quantity": "20.000", "note": "Individual restock", "created_at": "2026-04-19T06:08:45.840Z"}}, {"model": "inventory.stocktransaction", "pk": 6, "fields": {"item": 32, "transaction_type": "in", "quantity": "20.000", "note": "Individual restock", "created_at": "2026-04-19T06:08:46.161Z"}}, {"model": "inventory.stocktransaction", "pk": 7, "fields": {"item": 32, "transaction_type": "in", "quantity": "20.000", "note": "Individual restock", "created_at": "2026-04-19T06:08:46.481Z"}}, {"model": "inventory.stocktransaction", "pk": 8, "fields": {"item": 17, "transaction_type": "in", "quantity": "20.000", "note": "Individual restock", "created_at": "2026-04-19T06:26:48.077Z"}}, {"model": "inventory.stocktransaction", "pk": 9, "fields": {"item": 32, "transaction_type": "in", "quantity": "20.000", "note": "Individual restock", "created_at": "2026-04-19T06:26:50.940Z"}}, {"model": "inventory.stocktransaction", "pk": 10, "fields": {"item": 17, "transaction_type": "in", "quantity": "20.000", "note": "Individual restock", "created_at": "2026-04-19T06:26:51.934Z"}}, {"model": "inventory.stocktransaction", "pk": 11, "fields": {"item": 17, "transaction_type": "in", "quantity": "20.000", "note": "Individual restock", "created_at": "2026-04-19T06:26:52.432Z"}}, {"model": "inventory.stocktransaction", "pk": 12, "fields": {"item": 17, "transaction_type": "in", "quantity": "20.000", "note": "Individual restock", "created_at": "2026-04-19T06:26:52.814Z"}}, {"model": "inventory.stocktransaction", "pk": 13, "fields": {"item": 17, "transaction_type": "in", "quantity": "20.000", "note": "Individual restock", "created_at": "2026-04-19T06:26:53.287Z"}}, {"model": "inventory.stocktransaction", "pk": 14, "fields": {"item": 17, "transaction_type": "in", "quantity": "20.000", "note": "Individual restock", "created_at": "2026-04-19T06:26:53.544Z"}}, {"model": "inventory.stocktransaction", "pk": 15, "fields": {"item": 17, "transaction_type": "in", "quantity": "20.000", "note": "Individual restock", "created_at": "2026-04-19T06:26:53.713Z"}}, {"model": "inventory.stocktransaction", "pk": 16, "fields": {"item": 17, "transaction_type": "in", "quantity": "20.000", "note": "Individual restock", "created_at": "2026-04-19T06:26:53.854Z"}}, {"model": "inventory.stocktransaction", "pk": 17, "fields": {"item": 17, "transaction_type": "in", "quantity": "20.000", "note": "Individual restock", "created_at": "2026-04-19T06:26:54.136Z"}}, {"model": "inventory.stocktransaction", "pk": 18, "fields": {"item": 17, "transaction_type": "in", "quantity": "20.000", "note": "Individual restock", "created_at": "2026-04-19T06:26:54.297Z"}}, {"model": "inventory.stocktransaction", "pk": 19, "fields": {"item": 17, "transaction_type": "in", "quantity": "20.000", "note": "Individual restock", "created_at": "2026-04-19T06:26:54.457Z"}}, {"model": "inventory.stocktransaction", "pk": 20, "fields": {"item": 17, "transaction_type": "in", "quantity": "20.000", "note": "Individual restock", "created_at": "2026-04-19T06:26:54.592Z"}}, {"model": "inventory.stocktransaction", "pk": 21, "fields": {"item": 17, "transaction_type": "in", "quantity": "20.000", "note": "Individual restock", "created_at": "2026-04-19T06:26:54.746Z"}}, {"model": "inventory.stocktransaction", "pk": 22, "fields": {"item": 17, "transaction_type": "in", "quantity": "20.000", "note": "Individual restock", "created_at": "2026-04-19T06:26:54.893Z"}}, {"model": "inventory.stocktransaction", "pk": 23, "fields": {"item": 17, "transaction_type": "in", "quantity": "20.000", "note": "Individual restock", "created_at": "2026-04-19T06:26:55.027Z"}}, {"model": "inventory.stocktransaction", "pk": 24, "fields": {"item": 17, "transaction_type": "in", "quantity": "20.000", "note": "Individual restock", "created_at": "2026-04-19T06:26:55.172Z"}}, {"model": "inventory.stocktransaction", "pk": 25, "fields": {"item": 17, "transaction_type": "in", "quantity": "20.000", "note": "Individual restock", "created_at": "2026-04-19T06:26:55.333Z"}}, {"model": "inventory.stocktransaction", "pk": 26, "fields": {"item": 17, "transaction_type": "in", "quantity": "20.000", "note": "Individual restock", "created_at": "2026-04-19T06:26:55.471Z"}}, {"model": "inventory.stocktransaction", "pk": 27, "fields": {"item": 17, "transaction_type": "in", "quantity": "20.000", "note": "Individual restock", "created_at": "2026-04-19T06:26:55.607Z"}}, {"model": "inventory.stocktransaction", "pk": 36, "fields": {"item": 17, "transaction_type": "in", "quantity": "20.000", "note": "Individual restock", "created_at": "2026-04-19T06:51:35.534Z"}}, {"model": "inventory.stocktransaction", "pk": 37, "fields": {"item": 17, "transaction_type": "in", "quantity": "20.000", "note": "Individual restock", "created_at": "2026-04-19T06:51:36.260Z"}}, {"model": "inventory.stocktransaction", "pk": 38, "fields": {"item": 32, "transaction_type": "in", "quantity": "20.000", "note": "Individual restock", "created_at": "2026-04-19T06:51:37.068Z"}}, {"model": "inventory.stocktransaction", "pk": 39, "fields": {"item": 32, "transaction_type": "in", "quantity": "20.000", "note": "Individual restock", "created_at": "2026-04-19T06:51:37.462Z"}}, {"model": "inventory.stocktransaction", "pk": 40, "fields": {"item": 32, "transaction_type": "in", "quantity": "20.000", "note": "Individual restock", "created_at": "2026-04-19T06:51:37.635Z"}}, {"model": "inventory.stocktransaction", "pk": 41, "fields": {"item": 32, "transaction_type": "in", "quantity": "20.000", "note": "Individual restock", "created_at": "2026-04-19T06:51:38.179Z"}}, {"model": "inventory.stocktransaction", "pk": 42, "fields": {"item": 32, "transaction_type": "in", "quantity": "20.000", "note": "Individual restock", "created_at": "2026-04-19T06:51:38.559Z"}}, {"model": "inventory.stocktransaction", "pk": 43, "fields": {"item": 32, "transaction_type": "in", "quantity": "20.000", "note": "Individual restock", "created_at": "2026-04-19T06:51:38.863Z"}}, {"model": "inventory.stocktransaction", "pk": 44, "fields": {"item": 17, "transaction_type": "in", "quantity": "20.000", "note": "Individual restock", "created_at": "2026-04-19T06:51:39.468Z"}}, {"model": "inventory.stocktransaction", "pk": 45, "fields": {"item": 17, "transaction_type": "in", "quantity": "20.000", "note": "Individual restock", "created_at": "2026-04-19T06:51:39.627Z"}}, {"model": "inventory.stocktransaction", "pk": 46, "fields": {"item": 17, "transaction_type": "in", "quantity": "20.000", "note": "Individual restock", "created_at": "2026-04-19T06:51:39.779Z"}}, {"model": "inventory.stocktransaction", "pk": 47, "fields": {"item": 17, "transaction_type": "in", "quantity": "20.000", "note": "Individual restock", "created_at": "2026-04-19T06:51:39.964Z"}}, {"model": "inventory.stocktransaction", "pk": 48, "fields": {"item": 17, "transaction_type": "in", "quantity": "20.000", "note": "Individual restock", "created_at": "2026-04-19T06:51:40.377Z"}}, {"model": "inventory.stocktransaction", "pk": 49, "fields": {"item": 17, "transaction_type": "in", "quantity": "20.000", "note": "Individual restock", "created_at": "2026-04-19T06:51:40.523Z"}}, {"model": "inventory.stocktransaction", "pk": 50, "fields": {"item": 17, "transaction_type": "in", "quantity": "20.000", "note": "Individual restock", "created_at": "2026-04-19T06:51:40.685Z"}}, {"model": "inventory.stocktransaction", "pk": 51, "fields": {"item": 17, "transaction_type": "in", "quantity": "20.000", "note": "Individual restock", "created_at": "2026-04-19T06:51:40.854Z"}}, {"model": "inventory.stocktransaction", "pk": 52, "fields": {"item": 17, "transaction_type": "in", "quantity": "20.000", "note": "Individual restock", "created_at": "2026-04-19T06:51:40.973Z"}}, {"model": "inventory.stocktransaction", "pk": 53, "fields": {"item": 17, "transaction_type": "in", "quantity": "20.000", "note": "Individual restock", "created_at": "2026-04-19T06:51:41.130Z"}}, {"model": "inventory.stocktransaction", "pk": 54, "fields": {"item": 17, "transaction_type": "in", "quantity": "20.000", "note": "Individual restock", "created_at": "2026-04-19T06:51:41.281Z"}}, {"model": "inventory.stocktransaction", "pk": 55, "fields": {"item": 17, "transaction_type": "in", "quantity": "20.000", "note": "Individual restock", "created_at": "2026-04-19T06:51:41.431Z"}}, {"model": "inventory.stocktransaction", "pk": 56, "fields": {"item": 17, "transaction_type": "in", "quantity": "20.000", "note": "Individual restock", "created_at": "2026-04-19T06:51:41.554Z"}}, {"model": "inventory.stocktransaction", "pk": 57, "fields": {"item": 17, "transaction_type": "in", "quantity": "20.000", "note": "Individual restock", "created_at": "2026-04-19T06:51:41.715Z"}}, {"model": "inventory.stocktransaction", "pk": 58, "fields": {"item": 17, "transaction_type": "in", "quantity": "20.000", "note": "Individual restock", "created_at": "2026-04-19T06:51:41.841Z"}}, {"model": "inventory.stocktransaction", "pk": 59, "fields": {"item": 17, "transaction_type": "in", "quantity": "20.000", "note": "Individual restock", "created_at": "2026-04-19T06:51:41.988Z"}}, {"model": "inventory.stocktransaction", "pk": 60, "fields": {"item": 17, "transaction_type": "in", "quantity": "20.000", "note": "Individual restock", "created_at": "2026-04-19T06:51:42.242Z"}}, {"model": "inventory.stocktransaction", "pk": 61, "fields": {"item": 17, "transaction_type": "in", "quantity": "20.000", "note": "Individual restock", "created_at": "2026-04-19T06:52:04.699Z"}}, {"model": "inventory.stocktransaction", "pk": 62, "fields": {"item": 17, "transaction_type": "in", "quantity": "20.000", "note": "Individual restock", "created_at": "2026-04-19T06:52:05.038Z"}}, {"model": "inventory.stocktransaction", "pk": 63, "fields": {"item": 17, "transaction_type": "in", "quantity": "20.000", "note": "Individual restock", "created_at": "2026-04-19T06:52:05.307Z"}}, {"model": "inventory.stocktransaction", "pk": 64, "fields": {"item": 17, "transaction_type": "in", "quantity": "20.000", "note": "Individual restock", "created_at": "2026-04-19T06:52:05.433Z"}}, {"model": "inventory.stocktransaction", "pk": 65, "fields": {"item": 17, "transaction_type": "in", "quantity": "20.000", "note": "Individual restock", "created_at": "2026-04-19T06:52:05.583Z"}}, {"model": "inventory.stocktransaction", "pk": 66, "fields": {"item": 17, "transaction_type": "in", "quantity": "20.000", "note": "Individual restock", "created_at": "2026-04-19T06:52:05.722Z"}}, {"model": "inventory.stocktransaction", "pk": 67, "fields": {"item": 17, "transaction_type": "in", "quantity": "20.000", "note": "Individual restock", "created_at": "2026-04-19T06:52:05.859Z"}}, {"model": "inventory.stocktransaction", "pk": 68, "fields": {"item": 17, "transaction_type": "in", "quantity": "20.000", "note": "Individual restock", "created_at": "2026-04-19T06:52:05.986Z"}}, {"model": "inventory.stocktransaction", "pk": 69, "fields": {"item": 17, "transaction_type": "in", "quantity": "20.000", "note": "Individual restock", "created_at": "2026-04-19T06:52:06.115Z"}}, {"model": "inventory.stocktransaction", "pk": 70, "fields": {"item": 17, "transaction_type": "in", "quantity": "20.000", "note": "Individual restock", "created_at": "2026-04-19T06:52:06.257Z"}}, {"model": "inventory.stocktransaction", "pk": 71, "fields": {"item": 17, "transaction_type": "in", "quantity": "20.000", "note": "Individual restock", "created_at": "2026-04-19T06:52:06.407Z"}}, {"model": "inventory.stocktransaction", "pk": 72, "fields": {"item": 17, "transaction_type": "in", "quantity": "20.000", "note": "Individual restock", "created_at": "2026-04-19T06:52:06.553Z"}}, {"model": "inventory.stocktransaction", "pk": 73, "fields": {"item": 17, "transaction_type": "in", "quantity": "20.000", "note": "Individual restock", "created_at": "2026-04-19T06:52:06.713Z"}}, {"model": "inventory.stocktransaction", "pk": 74, "fields": {"item": 17, "transaction_type": "in", "quantity": "20.000", "note": "Individual restock", "created_at": "2026-04-19T06:52:06.860Z"}}, {"model": "inventory.stocktransaction", "pk": 75, "fields": {"item": 17, "transaction_type": "in", "quantity": "20.000", "note": "Individual restock", "created_at": "2026-04-19T06:52:07.020Z"}}, {"model": "inventory.stocktransaction", "pk": 76, "fields": {"item": 17, "transaction_type": "in", "quantity": "20.000", "note": "Individual restock", "created_at": "2026-04-19T06:52:07.194Z"}}, {"model": "inventory.stocktransaction", "pk": 77, "fields": {"item": 17, "transaction_type": "in", "quantity": "20.000", "note": "Individual restock", "created_at": "2026-04-19T06:52:07.533Z"}}, {"model": "inventory.stocktransaction", "pk": 78, "fields": {"item": 17, "transaction_type": "in", "quantity": "20.000", "note": "Individual restock", "created_at": "2026-04-19T06:52:07.828Z"}}, {"model": "inventory.stocktransaction", "pk": 79, "fields": {"item": 17, "transaction_type": "in", "quantity": "20.000", "note": "Individual restock", "created_at": "2026-04-19T06:52:07.981Z"}}, {"model": "inventory.stocktransaction", "pk": 80, "fields": {"item": 17, "transaction_type": "in", "quantity": "20.000", "note": "Individual restock", "created_at": "2026-04-19T06:52:08.119Z"}}, {"model": "inventory.stocktransaction", "pk": 81, "fields": {"item": 17, "transaction_type": "in", "quantity": "20.000", "note": "Individual restock", "created_at": "2026-04-19T06:52:08.262Z"}}, {"model": "inventory.stocktransaction", "pk": 82, "fields": {"item": 32, "transaction_type": "in", "quantity": "20.000", "note": "Individual restock", "created_at": "2026-04-19T06:52:08.430Z"}}, {"model": "inventory.stocktransaction", "pk": 83, "fields": {"item": 32, "transaction_type": "in", "quantity": "20.000", "note": "Individual restock", "created_at": "2026-04-19T06:52:08.585Z"}}, {"model": "inventory.stocktransaction", "pk": 84, "fields": {"item": 32, "transaction_type": "in", "quantity": "20.000", "note": "Individual restock", "created_at": "2026-04-19T06:52:08.843Z"}}, {"model": "inventory.stocktransaction", "pk": 85, "fields": {"item": 32, "transaction_type": "in", "quantity": "20.000", "note": "Individual restock", "created_at": "2026-04-19T06:52:09.007Z"}}, {"model": "inventory.stocktransaction", "pk": 86, "fields": {"item": 32, "transaction_type": "in", "quantity": "20.000", "note": "Individual restock", "created_at": "2026-04-19T06:52:09.193Z"}}, {"model": "inventory.stocktransaction", "pk": 87, "fields": {"item": 32, "transaction_type": "in", "quantity": "20.000", "note": "Individual restock", "created_at": "2026-04-19T06:52:09.516Z"}}, {"model": "inventory.stocktransaction", "pk": 88, "fields": {"item": 17, "transaction_type": "in", "quantity": "20.000", "note": "Individual restock", "created_at": "2026-04-19T06:56:37.954Z"}}, {"model": "inventory.menuitem", "pk": 6, "fields": {"name": "Regular Burger", "description": "", "price": "40.00", "category": 8, "is_available": true, "linked_item": null, "image": "", "created_at": "2026-04-19T04:20:26.908Z"}}, {"model": "inventory.menuitem", "pk": 7, "fields": {"name": "Burger w/ Egg", "description": "", "price": "48.00", "category": 8, "is_available": true, "linked_item": null, "image": "", "created_at": "2026-04-19T04:20:26.908Z"}}, {"model": "inventory.menuitem", "pk": 8, "fields": {"name": "Burger w/ Cheese", "description": "", "price": "48.00", "category": 8, "is_available": true, "linked_item": null, "image": "", "created_at": "2026-04-19T04:20:26.908Z"}}, {"model": "inventory.menuitem", "pk": 9, "fields": {"name": "Burger w/ Egg & Cheese", "description": "", "price": "55.00", "category": 8, "is_available": true, "linked_item": null, "image": "", "created_at": "2026-04-19T04:20:26.908Z"}}, {"model": "inventory.menuitem", "pk": 10, "fields": {"name": "Nolan's Burger", "description": "", "price": "78.00", "category": 8, "is_available": true, "linked_item": null, "image": "", "created_at": "2026-04-19T04:20:26.908Z"}}, {"model": "inventory.menuitem", "pk": 11, "fields": {"name": "Keona's Chicken Burger", "description": "", "price": "78.00", "category": 8, "is_available": true, "linked_item": null, "image": "", "created_at": "2026-04-19T04:20:26.908Z"}}, {"model": "inventory.menuitem", "pk": 12, "fields": {"name": "Ham Bunwich", "description": "", "price": "30.00", "category": 15, "is_available": true, "linked_item": null, "image": "", "created_at": "2026-04-19T04:20:26.908Z"}}, {"model": "inventory.menuitem", "pk": 13, "fields": {"name": "Ham w/ Egg & Cheese", "description": "", "price": "55.00", "category": 15, "is_available": true, "linked_item": null, "image": "", "created_at": "2026-04-19T04:20:26.908Z"}}, {"model": "inventory.menuitem", "pk": 14, "fields": {"name": "Hotdog Regular", "description": "", "price": "40.00", "category": 15, "is_available": true, "linked_item": null, "image": "", "created_at": "2026-04-19T04:20:26.908Z"}}, {"model": "inventory.menuitem", "pk": 15, "fields": {"name": "Hotdog w/ Cheese", "description": "", "price": "60.00", "category": 15, "is_available": true, "linked_item": null, "image": "", "created_at": "2026-04-19T04:20:26.908Z"}}, {"model": "inventory.menuitem", "pk": 16, "fields": {"name": "Fries", "description": "", "price": "45.00", "category": 16, "is_available": true, "linked_item": null, "image": "", "created_at": "2026-04-19T04:20:26.908Z"}}, {"model": "inventory.menuitem", "pk": 17, "fields": {"name": "Siomai", "description": "", "price": "40.00", "category": 16, "is_available": true, "linked_item": null, "image": "", "created_at": "2026-04-19T04:20:26.908Z"}}, {"model": "inventory.menuitem", "pk": 18, "fields": {"name": "Ube Buchi", "description": "", "price": "40.00", "category": 16, "is_available": true, "linked_item": null, "image": "", "created_at": "2026-04-19T04:20:26.908Z"}}, {"model": "inventory.menuitem", "pk": 19, "fields": {"name": "Siopao", "description": "", "price": "45.00", "category": 16, "is_available": true, "linked_item": null, "image": "", "created_at": "2026-04-19T04:20:26.908Z"}}, {"model": "inventory.menuitem", "pk": 20, "fields": {"name": "Empanada", "description": "", "price": "100.00", "category": 16, "is_available": true, "linked_item": null, "image": "", "created_at": "2026-04-19T04:20:26.908Z"}}, {"model": "inventory.menuitem", "pk": 21, "fields": {"name": "Cheesy Hawaiian Overload (10\")", "description": "", "price": "300.00", "category": 10, "is_available": true, "linked_item": null, "image": "", "created_at": "2026-04-19T04:20:26.908Z"}}, {"model": "inventory.menuitem", "pk": 22, "fields": {"name": "Cheesy Hawaiian Overload (12\")", "description": "", "price": "410.00", "category": 10, "is_available": true, "linked_item": null, "image": "", "created_at": "2026-04-19T04:20:26.908Z"}}, {"model": "inventory.menuitem", "pk": 23, "fields": {"name": "4 in 1 (10\")", "description": "", "price": "300.00", "category": 10, "is_available": true, "linked_item": null, "image": "", "created_at": "2026-04-19T04:20:26.908Z"}}, {"model": "inventory.menuitem", "pk": 24, "fields": {"name": "4 in 1 (12\")", "description": "", "price": "410.00", "category": 10, "is_available": true, "linked_item": null, "image": "", "created_at": "2026-04-19T04:20:26.908Z"}}, {"model": "inventory.menuitem", "pk": 25, "fields": {"name": "Hawaiian Island (10\")", "description": "", "price": "230.00", "category": 10, "is_available": true, "linked_item": null, "image": "", "created_at": "2026-04-19T04:20:26.908Z"}}, {"model": "inventory.menuitem", "pk": 26, "fields": {"name": "Beef Aloha (10\")", "description": "", "price": "230.00", "category": 10, "is_available": true, "linked_item": null, "image": "", "created_at": "2026-04-19T04:20:26.908Z"}}, {"model": "inventory.menuitem", "pk": 27, "fields": {"name": "SM1: Ham, Egg, Rice, Iced Tea", "description": "", "price": "70.00", "category": 11, "is_available": true, "linked_item": null, "image": "", "created_at": "2026-04-19T04:20:26.908Z"}}, {"model": "inventory.menuitem", "pk": 28, "fields": {"name": "SM2: Tapa, Egg, Rice, Iced Tea", "description": "", "price": "150.00", "category": 11, "is_available": true, "linked_item": null, "image": "", "created_at": "2026-04-19T04:20:26.908Z"}}, {"model": "inventory.menuitem", "pk": 29, "fields": {"name": "SM3: Tocino, Egg, Rice, Iced Tea", "description": "", "price": "135.00", "category": 11, "is_available": true, "linked_item": null, "image": "", "created_at": "2026-04-19T04:20:26.908Z"}}, {"model": "inventory.menuitem", "pk": 30, "fields": {"name": "SM4: Spam, Egg, Rice, Iced Tea", "description": "", "price": "155.00", "category": 11, "is_available": true, "linked_item": null, "image": "", "created_at": "2026-04-19T04:20:26.908Z"}}, {"model": "inventory.menuitem", "pk": 31, "fields": {"name": "SM5: Corned Beef, Egg, Rice, Iced Tea", "description": "", "price": "110.00", "category": 11, "is_available": true, "linked_item": null, "image": "", "created_at": "2026-04-19T04:20:26.908Z"}}, {"model": "inventory.menuitem", "pk": 32, "fields": {"name": "SM6: Bangus, Egg, Rice, Iced Tea", "description": "", "price": "150.00", "category": 11, "is_available": true, "linked_item": null, "image": "", "created_at": "2026-04-19T04:20:26.908Z"}}, {"model": "inventory.menuitem", "pk": 33, "fields": {"name": "RM1: Chicken Neck, Iced Tea, Rice", "description": "", "price": "65.00", "category": 12, "is_available": true, "linked_item": null, "image": "", "created_at": "2026-04-19T04:20:26.908Z"}}, {"model": "inventory.menuitem", "pk": 35, "fields": {"name": "RM3: Burger Steak, Iced Tea, Rice", "description": "", "price": "80.00", "category": 12, "is_available": true, "linked_item": null, "image": "", "created_at": "2026-04-19T04:20:26.908Z"}}, {"model": "inventory.menuitem", "pk": 36, "fields": {"name": "RM4: Buffalo Wings, Iced Tea, Rice", "description": "", "price": "80.00", "category": 12, "is_available": true, "linked_item": null, "image": "", "created_at": "2026-04-19T04:20:26.908Z"}}, {"model": "inventory.menuitem", "pk": 37, "fields": {"name": "RM5: Pork Sisig, Iced Tea, Rice", "description": "", "price": "150.00", "category": 12, "is_available": true, "linked_item": null, "image": "", "created_at": "2026-04-19T04:20:26.908Z"}}, {"model": "inventory.menuitem", "pk": 38, "fields": {"name": "CPM1: 1 Chicken, Rice, Iced Tea", "description": "", "price": "105.00", "category": 13, "is_available": true, "linked_item": null, "image": "", "created_at": "2026-04-19T04:20:26.908Z"}}, {"model": "inventory.menuitem", "pk": 39, "fields": {"name": "CPM2: 2 Chicken, Rice, Iced Tea", "description": "", "price": "170.00", "category": 13, "is_available": true, "linked_item": null, "image": "", "created_at": "2026-04-19T04:20:26.908Z"}}, {"model": "inventory.menuitem", "pk": 40, "fields": {"name": "CPM3: 1 Buffalo Chicken, Rice, Iced Tea", "description": "", "price": "120.00", "category": 13, "is_available": true, "linked_item": null, "image": "", "created_at": "2026-04-19T04:20:26.908Z"}}, {"model": "inventory.menuitem", "pk": 41, "fields": {"name": "CPM4: 1 Pork Chop, Rice, Iced Tea", "description": "", "price": "150.00", "category": 13, "is_available": true, "linked_item": null, "image": "", "created_at": "2026-04-19T04:20:26.908Z"}}, {"model": "inventory.menuitem", "pk": 42, "fields": {"name": "CPM5: 1 Chicken, 1 Pork Chop, Rice, Iced Tea", "description": "", "price": "215.00", "category": 13, "is_available": true, "linked_item": null, "image": "", "created_at": "2026-04-19T04:20:26.908Z"}}, {"model": "inventory.menuitem", "pk": 46, "fields": {"name": "Chicken Mami w/ Egg", "description": "", "price": "85.00", "category": 2, "is_available": true, "linked_item": null, "image": "", "created_at": "2026-04-19T04:20:26.908Z"}}, {"model": "inventory.menuitem", "pk": 47, "fields": {"name": "Siomai Mami w/ Egg", "description": "", "price": "85.00", "category": 2, "is_available": true, "linked_item": null, "image": "", "created_at": "2026-04-19T04:20:26.908Z"}}, {"model": "inventory.menuitem", "pk": 48, "fields": {"name": "Calamare", "description": "", "price": "300.00", "category": 3, "is_available": true, "linked_item": null, "image": "", "created_at": "2026-04-19T04:20:26.908Z"}}, {"model": "inventory.menuitem", "pk": 49, "fields": {"name": "Squid Sisig", "description": "", "price": "300.00", "category": 3, "is_available": true, "linked_item": null, "image": "", "created_at": "2026-04-19T04:20:26.908Z"}}, {"model": "inventory.menuitem", "pk": 50, "fields": {"name": "Garlic Chili Squid", "description": "", "price": "300.00", "category": 3, "is_available": true, "linked_item": null, "image": "", "created_at": "2026-04-19T04:20:26.908Z"}}, {"model": "inventory.menuitem", "pk": 51, "fields": {"name": "Tuna Steak", "description": "Price range: 150.00-650.00", "price": "150.00", "category": 3, "is_available": true, "linked_item": null, "image": "", "created_at": "2026-04-19T04:20:26.908Z"}}, {"model": "inventory.menuitem", "pk": 52, "fields": {"name": "Tuna Sisig", "description": "", "price": "300.00", "category": 3, "is_available": true, "linked_item": null, "image": "", "created_at": "2026-04-19T04:20:26.908Z"}}, {"model": "inventory.menuitem", "pk": 53, "fields": {"name": "Tuna Lumpia (classic/spicy)", "description": "", "price": "150.00", "category": 3, "is_available": true, "linked_item": null, "image": "", "created_at": "2026-04-19T04:20:26.908Z"}}, {"model": "inventory.menuitem", "pk": 54, "fields": {"name": "Tuna Nuggets", "description": "", "price": "150.00", "category": 3, "is_available": true, "linked_item": null, "image": "", "created_at": "2026-04-19T04:20:26.908Z"}}, {"model": "inventory.menuitem", "pk": 55, "fields": {"name": "Tuna Kinilaw", "description": "", "price": "350.00", "category": 3, "is_available": true, "linked_item": null, "image": "", "created_at": "2026-04-19T04:20:26.908Z"}}, {"model": "inventory.menuitem", "pk": 56, "fields": {"name": "Grilled Tuna", "description": "Price range: 150.00-650.00", "price": "150.00", "category": 3, "is_available": true, "linked_item": null, "image": "", "created_at": "2026-04-19T04:20:26.908Z"}}, {"model": "inventory.menuitem", "pk": 57, "fields": {"name": "Tuna Tinula", "description": "Price range: 150.00-650.00", "price": "150.00", "category": 3, "is_available": true, "linked_item": null, "image": "", "created_at": "2026-04-19T04:20:26.908Z"}}, {"model": "inventory.menuitem", "pk": 58, "fields": {"name": "Sweet Chili Shrimp", "description": "", "price": "200.00", "category": 3, "is_available": true, "linked_item": null, "image": "", "created_at": "2026-04-19T04:20:26.908Z"}}, {"model": "inventory.menuitem", "pk": 59, "fields": {"name": "Buttered Shrimp", "description": "", "price": "200.00", "category": 3, "is_available": true, "linked_item": null, "image": "", "created_at": "2026-04-19T04:20:26.908Z"}}, {"model": "inventory.menuitem", "pk": 60, "fields": {"name": "Shrimp Sinigang", "description": "", "price": "300.00", "category": 3, "is_available": true, "linked_item": null, "image": "", "created_at": "2026-04-19T04:20:26.908Z"}}, {"model": "inventory.menuitem", "pk": 61, "fields": {"name": "Fried Chicken (5 pcs)", "description": "", "price": "325.00", "category": 4, "is_available": true, "linked_item": null, "image": "", "created_at": "2026-04-19T04:20:26.908Z"}}, {"model": "inventory.menuitem", "pk": 62, "fields": {"name": "Buttered Chicken (5 pcs)", "description": "", "price": "350.00", "category": 4, "is_available": true, "linked_item": null, "image": "", "created_at": "2026-04-19T04:20:26.908Z"}}, {"model": "inventory.menuitem", "pk": 63, "fields": {"name": "Buffalo Chicken (5 pcs)", "description": "", "price": "375.00", "category": 4, "is_available": true, "linked_item": null, "image": "", "created_at": "2026-04-19T04:20:26.908Z"}}, {"model": "inventory.menuitem", "pk": 64, "fields": {"name": "Buffalo Wings (6 pcs)", "description": "", "price": "250.00", "category": 4, "is_available": true, "linked_item": null, "image": "", "created_at": "2026-04-19T04:20:26.908Z"}}, {"model": "inventory.menuitem", "pk": 65, "fields": {"name": "Chicken Tinula (5 pcs)", "description": "", "price": "325.00", "category": 4, "is_available": true, "linked_item": null, "image": "", "created_at": "2026-04-19T04:20:26.908Z"}}, {"model": "inventory.menuitem", "pk": 66, "fields": {"name": "Lumpia (chicken)", "description": "", "price": "150.00", "category": 4, "is_available": true, "linked_item": null, "image": "", "created_at": "2026-04-19T04:20:26.908Z"}}, {"model": "inventory.menuitem", "pk": 67, "fields": {"name": "Regular Lomi", "description": "", "price": "225.00", "category": 5, "is_available": true, "linked_item": null, "image": "", "created_at": "2026-04-19T04:20:26.908Z"}}, {"model": "inventory.menuitem", "pk": 68, "fields": {"name": "Special Lomi", "description": "", "price": "250.00", "category": 5, "is_available": true, "linked_item": null, "image": "", "created_at": "2026-04-19T04:20:26.908Z"}}, {"model": "inventory.menuitem", "pk": 69, "fields": {"name": "Super Lomi", "description": "", "price": "350.00", "category": 5, "is_available": true, "linked_item": null, "image": "", "created_at": "2026-04-19T04:20:26.908Z"}}, {"model": "inventory.menuitem", "pk": 70, "fields": {"name": "Canton", "description": "", "price": "195.00", "category": 5, "is_available": true, "linked_item": null, "image": "", "created_at": "2026-04-19T04:20:26.908Z"}}, {"model": "inventory.menuitem", "pk": 71, "fields": {"name": "Sotanghon", "description": "", "price": "195.00", "category": 5, "is_available": true, "linked_item": null, "image": "", "created_at": "2026-04-19T04:20:26.908Z"}}, {"model": "inventory.menuitem", "pk": 72, "fields": {"name": "Bam-e", "description": "", "price": "195.00", "category": 5, "is_available": true, "linked_item": null, "image": "", "created_at": "2026-04-19T04:20:26.908Z"}}, {"model": "inventory.menuitem", "pk": 73, "fields": {"name": "Bihon", "description": "", "price": "195.00", "category": 5, "is_available": true, "linked_item": null, "image": "", "created_at": "2026-04-19T04:20:26.908Z"}}, {"model": "inventory.menuitem", "pk": 74, "fields": {"name": "Chicken Sotanghon Soup", "description": "", "price": "250.00", "category": 5, "is_available": true, "linked_item": null, "image": "", "created_at": "2026-04-19T04:20:26.908Z"}}, {"model": "inventory.menuitem", "pk": 75, "fields": {"name": "Steamed Rice", "description": "", "price": "125.00", "category": 6, "is_available": true, "linked_item": null, "image": "", "created_at": "2026-04-19T04:20:26.908Z"}}, {"model": "inventory.menuitem", "pk": 76, "fields": {"name": "Sidewalk Fried Rice", "description": "", "price": "199.00", "category": 6, "is_available": true, "linked_item": null, "image": "", "created_at": "2026-04-19T04:20:26.908Z"}}, {"model": "inventory.menuitem", "pk": 77, "fields": {"name": "Chop Suey", "description": "", "price": "185.00", "category": 6, "is_available": true, "linked_item": null, "image": "", "created_at": "2026-04-19T04:20:26.908Z"}}, {"model": "inventory.menuitem", "pk": 78, "fields": {"name": "Buttered Vegies", "description": "", "price": "185.00", "category": 6, "is_available": true, "linked_item": null, "image": "", "created_at": "2026-04-19T04:20:26.908Z"}}, {"model": "inventory.menuitem", "pk": 79, "fields": {"name": "Bulalo", "description": "Price range: 550.00-850.00", "price": "550.00", "category": 7, "is_available": true, "linked_item": null, "image": "", "created_at": "2026-04-19T04:20:26.908Z"}}, {"model": "inventory.menuitem", "pk": 80, "fields": {"name": "Nilagang Baka", "description": "", "price": "200.00", "category": 7, "is_available": true, "linked_item": null, "image": "", "created_at": "2026-04-19T04:20:26.908Z"}}, {"model": "inventory.menuitem", "pk": 81, "fields": {"name": "Balbacua", "description": "", "price": "200.00", "category": 7, "is_available": true, "linked_item": null, "image": "", "created_at": "2026-04-19T04:20:26.908Z"}}, {"model": "inventory.menuitem", "pk": 82, "fields": {"name": "Beef Steak", "description": "", "price": "300.00", "category": 7, "is_available": true, "linked_item": null, "image": "", "created_at": "2026-04-19T04:20:26.908Z"}}, {"model": "inventory.menuitem", "pk": 83, "fields": {"name": "Pork Nilaga", "description": "", "price": "300.00", "category": 7, "is_available": true, "linked_item": null, "image": "", "created_at": "2026-04-19T04:20:26.908Z"}}, {"model": "inventory.menuitem", "pk": 84, "fields": {"name": "Pork Sinigang", "description": "", "price": "300.00", "category": 7, "is_available": true, "linked_item": null, "image": "", "created_at": "2026-04-19T04:20:26.908Z"}}, {"model": "inventory.menuitem", "pk": 85, "fields": {"name": "Pork Sisig", "description": "", "price": "300.00", "category": 7, "is_available": true, "linked_item": null, "image": "", "created_at": "2026-04-19T04:20:26.908Z"}}, {"model": "inventory.menuitem", "pk": 86, "fields": {"name": "Pork Humba", "description": "", "price": "300.00", "category": 7, "is_available": true, "linked_item": null, "image": "", "created_at": "2026-04-19T04:20:26.908Z"}}, {"model": "inventory.menuitem", "pk": 87, "fields": {"name": "Grilled Liempo", "description": "", "price": "300.00", "category": 7, "is_available": true, "linked_item": null, "image": "", "created_at": "2026-04-19T04:20:26.908Z"}}, {"model": "inventory.menuitem", "pk": 88, "fields": {"name": "Pork Chop", "description": "", "price": "300.00", "category": 7, "is_available": true, "linked_item": null, "image": "", "created_at": "2026-04-19T04:20:26.908Z"}}, {"model": "inventory.menuitem", "pk": 89, "fields": {"name": "Lumpia (pork/beef)", "description": "", "price": "150.00", "category": 7, "is_available": true, "linked_item": null, "image": "", "created_at": "2026-04-19T04:20:26.908Z"}}, {"model": "inventory.menuitem", "pk": 90, "fields": {"name": "Classic Halo-Halo", "description": "", "price": "120.00", "category": 9, "is_available": true, "linked_item": null, "image": "", "created_at": "2026-04-19T04:20:26.908Z"}}, {"model": "inventory.menuitem", "pk": 91, "fields": {"name": "Special Halo-Halo", "description": "", "price": "135.00", "category": 9, "is_available": true, "linked_item": null, "image": "", "created_at": "2026-04-19T04:20:26.908Z"}}, {"model": "inventory.menuitem", "pk": 92, "fields": {"name": "Maiz con Hielo", "description": "", "price": "120.00", "category": 9, "is_available": true, "linked_item": null, "image": "", "created_at": "2026-04-19T04:20:26.908Z"}}, {"model": "inventory.menuitem", "pk": 93, "fields": {"name": "Mango Shake", "description": "", "price": "120.00", "category": 9, "is_available": true, "linked_item": null, "image": "", "created_at": "2026-04-19T04:20:26.908Z"}}, {"model": "inventory.menuitem", "pk": 94, "fields": {"name": "Mango Graham Shake", "description": "", "price": "120.00", "category": 9, "is_available": true, "linked_item": null, "image": "", "created_at": "2026-04-19T04:20:26.908Z"}}, {"model": "inventory.menuitem", "pk": 95, "fields": {"name": "Dragon Fruit Shake", "description": "", "price": "120.00", "category": 9, "is_available": true, "linked_item": null, "image": "", "created_at": "2026-04-19T04:20:26.908Z"}}, {"model": "inventory.menuitem", "pk": 96, "fields": {"name": "Avocado Shake", "description": "", "price": "120.00", "category": 9, "is_available": true, "linked_item": null, "image": "", "created_at": "2026-04-19T04:20:26.908Z"}}, {"model": "inventory.menuitem", "pk": 97, "fields": {"name": "Watermelon Shake", "description": "", "price": "120.00", "category": 9, "is_available": true, "linked_item": null, "image": "", "created_at": "2026-04-19T04:20:26.908Z"}}, {"model": "inventory.menuitem", "pk": 98, "fields": {"name": "Banana Shake", "description": "", "price": "120.00", "category": 9, "is_available": true, "linked_item": null, "image": "", "created_at": "2026-04-19T04:20:26.908Z"}}, {"model": "inventory.menuitem", "pk": 99, "fields": {"name": "Cookies & Cream", "description": "", "price": "120.00", "category": 9, "is_available": true, "linked_item": null, "image": "", "created_at": "2026-04-19T04:20:26.908Z"}}, {"model": "inventory.menuitem", "pk": 100, "fields": {"name": "Chocolate Shake", "description": "", "price": "120.00", "category": 9, "is_available": true, "linked_item": null, "image": "", "created_at": "2026-04-19T04:20:26.908Z"}}, {"model": "inventory.menuitem", "pk": 101, "fields": {"name": "Mocha Shake", "description": "", "price": "120.00", "category": 9, "is_available": true, "linked_item": null, "image": "", "created_at": "2026-04-19T04:20:26.908Z"}}, {"model": "inventory.menuitem", "pk": 102, "fields": {"name": "RM2: Chicken Fillet, Iced Tea, Rice", "description": "", "price": "80.00", "category": 12, "is_available": true, "linked_item": null, "image": "", "created_at": "2026-04-29T13:23:46.851Z"}}, {"model": "inventory.menuitem", "pk": 103, "fields": {"name": "Hawaiian Island (12\")", "description": "", "price": "300.00", "category": 10, "is_available": true, "linked_item": null, "image": "", "created_at": "2026-04-29T13:23:46.866Z"}}, {"model": "inventory.menuitem", "pk": 104, "fields": {"name": "Beef Aloha (12\")", "description": "", "price": "300.00", "category": 10, "is_available": true, "linked_item": null, "image": "", "created_at": "2026-04-29T13:23:46.870Z"}}, {"model": "inventory.menuitem", "pk": 105, "fields": {"name": "CF1: Chao Fan w/ Egg", "description": "", "price": "100.00", "category": 1, "is_available": true, "linked_item": null, "image": "", "created_at": "2026-04-29T13:23:46.877Z"}}, {"model": "inventory.menuitem", "pk": 106, "fields": {"name": "CF2: Chao Fan w/ Siomai", "description": "", "price": "135.00", "category": 1, "is_available": true, "linked_item": null, "image": "", "created_at": "2026-04-29T13:23:46.879Z"}}, {"model": "inventory.menuitem", "pk": 107, "fields": {"name": "CF3: Chao Fan w/ Lumpia", "description": "", "price": "135.00", "category": 1, "is_available": true, "linked_item": null, "image": "", "created_at": "2026-04-29T13:23:46.881Z"}}, {"model": "inventory.menuitem", "pk": 108, "fields": {"name": "B1: Regular Lomi, Loaf Bread, Drinks", "description": "", "price": "395.00", "category": 25, "is_available": true, "linked_item": null, "image": "", "created_at": "2026-04-29T13:23:46.884Z"}}, {"model": "inventory.menuitem", "pk": 109, "fields": {"name": "B2: Special Lomi, Loaf Bread, Drinks", "description": "", "price": "425.00", "category": 25, "is_available": true, "linked_item": null, "image": "", "created_at": "2026-04-29T13:23:46.886Z"}}, {"model": "inventory.menuitem", "pk": 110, "fields": {"name": "B3: Super Lomi, Loaf Bread, Drinks", "description": "", "price": "515.00", "category": 25, "is_available": true, "linked_item": null, "image": "", "created_at": "2026-04-29T13:23:46.887Z"}}, {"model": "inventory.menuitem", "pk": 111, "fields": {"name": "B4: Sotanghon, Loaf Bread, Drinks", "description": "", "price": "355.00", "category": 25, "is_available": true, "linked_item": null, "image": "", "created_at": "2026-04-29T13:23:46.889Z"}}, {"model": "inventory.menuitem", "pk": 112, "fields": {"name": "B5: Bam-e, Loaf Bread, Drinks", "description": "", "price": "355.00", "category": 25, "is_available": true, "linked_item": null, "image": "", "created_at": "2026-04-29T13:23:46.891Z"}}, {"model": "inventory.menuitem", "pk": 113, "fields": {"name": "B6: Canton, Loaf Bread, Drinks", "description": "", "price": "355.00", "category": 25, "is_available": true, "linked_item": null, "image": "", "created_at": "2026-04-29T13:23:46.892Z"}}, {"model": "inventory.menuitem", "pk": 114, "fields": {"name": "B7: Bihon, Loaf Bread, Drinks", "description": "", "price": "345.00", "category": 25, "is_available": true, "linked_item": null, "image": "", "created_at": "2026-04-29T13:23:46.894Z"}}, {"model": "inventory.recipe", "pk": 15, "fields": {"menu_item": 61, "item": 9, "quantity_used": "5.000"}}, {"model": "inventory.recipe", "pk": 16, "fields": {"menu_item": 61, "item": 16, "quantity_used": "0.300"}}, {"model": "inventory.recipe", "pk": 17, "fields": {"menu_item": 61, "item": 17, "quantity_used": "150.000"}}, {"model": "inventory.recipe", "pk": 18, "fields": {"menu_item": 64, "item": 9, "quantity_used": "6.000"}}, {"model": "inventory.recipe", "pk": 19, "fields": {"menu_item": 64, "item": 16, "quantity_used": "0.200"}}, {"model": "inventory.recipe", "pk": 20, "fields": {"menu_item": 46, "item": 19, "quantity_used": "1.000"}}, {"model": "inventory.recipe", "pk": 21, "fields": {"menu_item": 46, "item": 9, "quantity_used": "1.000"}}, {"model": "inventory.recipe", "pk": 22, "fields": {"menu_item": 46, "item": 15, "quantity_used": "1.000"}}, {"model": "inventory.recipe", "pk": 23, "fields": {"menu_item": 67, "item": 19, "quantity_used": "1.000"}}, {"model": "inventory.recipe", "pk": 24, "fields": {"menu_item": 67, "item": 15, "quantity_used": "1.000"}}, {"model": "inventory.recipe", "pk": 25, "fields": {"menu_item": 8, "item": 20, "quantity_used": "1.000"}}, {"model": "inventory.recipe", "pk": 26, "fields": {"menu_item": 8, "item": 21, "quantity_used": "1.000"}}, {"model": "inventory.recipe", "pk": 27, "fields": {"menu_item": 8, "item": 22, "quantity_used": "1.000"}}, {"model": "inventory.recipe", "pk": 28, "fields": {"menu_item": 105, "item": 18, "quantity_used": "1.000"}}, {"model": "inventory.recipe", "pk": 29, "fields": {"menu_item": 105, "item": 15, "quantity_used": "1.000"}}, {"model": "inventory.recipe", "pk": 30, "fields": {"menu_item": 105, "item": 16, "quantity_used": "0.050"}}, {"model": "inventory.recipe", "pk": 31, "fields": {"menu_item": 52, "item": 12, "quantity_used": "0.300"}}, {"model": "inventory.recipe", "pk": 32, "fields": {"menu_item": 52, "item": 16, "quantity_used": "0.100"}}, {"model": "inventory.recipe", "pk": 33, "fields": {"menu_item": 48, "item": 13, "quantity_used": "0.300"}}, {"model": "inventory.recipe", "pk": 34, "fields": {"menu_item": 48, "item": 17, "quantity_used": "100.000"}}, {"model": "inventory.recipe", "pk": 35, "fields": {"menu_item": 48, "item": 16, "quantity_used": "0.200"}}, {"model": "inventory.recipe", "pk": 36, "fields": {"menu_item": 85, "item": 10, "quantity_used": "0.300"}}, {"model": "inventory.recipe", "pk": 37, "fields": {"menu_item": 85, "item": 25, "quantity_used": "0.100"}}, {"model": "inventory.recipe", "pk": 38, "fields": {"menu_item": 29, "item": 18, "quantity_used": "1.000"}}, {"model": "inventory.recipe", "pk": 39, "fields": {"menu_item": 29, "item": 15, "quantity_used": "1.000"}}, {"model": "inventory.recipe", "pk": 40, "fields": {"menu_item": 29, "item": 10, "quantity_used": "0.200"}}, {"model": "inventory.recipe", "pk": 41, "fields": {"menu_item": 90, "item": 34, "quantity_used": "0.300"}}, {"model": "inventory.recipe", "pk": 42, "fields": {"menu_item": 90, "item": 33, "quantity_used": "0.200"}}, {"model": "inventory.recipe", "pk": 43, "fields": {"menu_item": 90, "item": 32, "quantity_used": "50.000"}}, {"model": "inventory.recipe", "pk": 44, "fields": {"menu_item": 90, "item": 35, "quantity_used": "0.200"}}, {"model": "inventory.recipe", "pk": 45, "fields": {"menu_item": 91, "item": 34, "quantity_used": "0.400"}}, {"model": "inventory.recipe", "pk": 46, "fields": {"menu_item": 91, "item": 33, "quantity_used": "0.300"}}, {"model": "inventory.recipe", "pk": 47, "fields": {"menu_item": 91, "item": 32, "quantity_used": "60.000"}}, {"model": "inventory.recipe", "pk": 48, "fields": {"menu_item": 91, "item": 35, "quantity_used": "0.300"}}, {"model": "inventory.recipe", "pk": 49, "fields": {"menu_item": 93, "item": 34, "quantity_used": "0.300"}}, {"model": "inventory.recipe", "pk": 50, "fields": {"menu_item": 93, "item": 33, "quantity_used": "0.200"}}, {"model": "inventory.recipe", "pk": 51, "fields": {"menu_item": 93, "item": 32, "quantity_used": "40.000"}}, {"model": "inventory.inventorysettings", "pk": 1, "fields": {"low_stock_alerts_enabled": true, "default_reorder_threshold": "10.000", "updated_at": "2026-05-12T04:56:17.356Z"}}, {"model": "admin.logentry", "pk": 151, "fields": {"action_time": "2026-04-19T06:56:24.410Z", "user": ["admin"], "content_type": ["inventory", "sale"], "object_id": "2", "object_repr": "Balbacua - 1 x ₱200.00", "action_flag": 3, "change_message": ""}}, {"model": "admin.logentry", "pk": 152, "fields": {"action_time": "2026-04-19T06:56:24.410Z", "user": ["admin"], "content_type": ["inventory", "sale"], "object_id": "1", "object_repr": "1 Chicken Meal - 1 x ₱105.00", "action_flag": 3, "change_message": ""}}, {"model": "admin.logentry", "pk": 157, "fields": {"action_time": "2026-04-29T11:22:39.482Z", "user": ["admin"], "content_type": ["inventory", "menuitem"], "object_id": "101", "object_repr": "Mocha Shake", "action_flag": 2, "change_message": "[]"}}, {"model": "admin.logentry", "pk": 158, "fields": {"action_time": "2026-04-29T11:23:00.349Z", "user": ["admin"], "content_type": ["inventory", "menuitem"], "object_id": "52", "object_repr": "Tuna Sisig", "action_flag": 2, "change_message": "[{\"changed\": {\"fields\": [\"Image\"]}}]"}}, {"model": "admin.logentry", "pk": 159, "fields": {"action_time": "2026-04-29T11:24:03.957Z", "user": ["admin"], "content_type": ["inventory", "menuitem"], "object_id": "52", "object_repr": "Tuna Sisig", "action_flag": 2, "change_message": "[{\"changed\": {\"fields\": [\"Image\"]}}]"}}, {"model": "admin.logentry", "pk": 160, "fields": {"action_time": "2026-04-29T13:08:34.426Z", "user": ["admin"], "content_type": ["inventory", "sale"], "object_id": "3", "object_repr": "Balbacua - 1 x PHP 200.00", "action_flag": 3, "change_message": ""}}, {"model": "admin.logentry", "pk": 161, "fields": {"action_time": "2026-04-29T13:09:04.209Z", "user": ["admin"], "content_type": ["inventory", "customerorderline"], "object_id": "1", "object_repr": "ORD-20260429130007172382 - Balbacua x 1", "action_flag": 3, "change_message": ""}}, {"model": "admin.logentry", "pk": 162, "fields": {"action_time": "2026-04-29T13:09:25.976Z", "user": ["admin"], "content_type": ["inventory", "customerorder"], "object_id": "1", "object_repr": "ORD-20260429130007172382", "action_flag": 3, "change_message": ""}}, {"model": "admin.logentry", "pk": 163, "fields": {"action_time": "2026-04-29T13:09:40.797Z", "user": ["admin"], "content_type": ["inventory", "inventoryitem"], "object_id": "37", "object_repr": "QA Full Flow Item", "action_flag": 3, "change_message": ""}}, {"model": "admin.logentry", "pk": 164, "fields": {"action_time": "2026-04-29T13:09:40.797Z", "user": ["admin"], "content_type": ["inventory", "inventoryitem"], "object_id": "36", "object_repr": "QA Test Rice Updated", "action_flag": 3, "change_message": ""}}, {"model": "admin.logentry", "pk": 165, "fields": {"action_time": "2026-05-12T05:04:02.531Z", "user": ["admin"], "content_type": ["inventory", "sale"], "object_id": "5", "object_repr": "4 in 1 (12\") - 1 x PHP 410.00", "action_flag": 3, "change_message": ""}}, {"model": "admin.logentry", "pk": 166, "fields": {"action_time": "2026-05-12T05:04:02.531Z", "user": ["admin"], "content_type": ["inventory", "sale"], "object_id": "4", "object_repr": "4 in 1 (10\") - 1 x PHP 300.00", "action_flag": 3, "change_message": ""}}, {"model": "admin.logentry", "pk": 167, "fields": {"action_time": "2026-05-19T14:31:39.196Z", "user": ["admin"], "content_type": ["inventory", "customerorder"], "object_id": "2", "object_repr": "ORD-20260512050235430614", "action_flag": 3, "change_message": ""}}]
